sequence,Class_gingivalis,Net_charge,cLogP,Cationic_comp,Hydrophobic_comp,Length,Has_neutral
GLLWHLLHHLLH,1,4,0.627,0.3333,0.5833,12,1
LRRWLWKLLWRMR,1,5,-3.2846,0.3846,0.6154,13,0
KNLRRIIRKIIHIIKKYG,1,8,-5.539,0.4444,0.3889,18,1
LRRIIRKIIHIIKK,1,7,-3.0623,0.5,0.5,14,0
PQGPPQRGLRRLGRKIAHGVKKYGPTVLRIIRIA,1,10,-12.3544,0.2941,0.3235,34,1
RGLRRLGRKIAHGVKKYGPTVLRIIRIAGPQGPPQ,1,10,-14.2437,0.2857,0.3143,35,1
LLGDFFRKSKEKIGKEFKRIVQRIKDFLRNL,0,6,-20.7098,0.3226,0.3871,31,1
VQWRIRVAVIRK,1,4,-3.9095,0.3333,0.5833,12,0
KKVVFKVKFK,0,5,-0.7394,0.5,0.5,10,0
KKVVFWVKFK,0,4,0.8556,0.4,0.6,10,0
KWRRWVRWI,0,4,-0.9813,0.4444,0.5556,9,0
RKLPDAPGMHTWGGGGKCSTRGRKCCRRKK,0,10,-20.3018,0.3667,0.2333,30,1
FIHHIIGALGHLF,0,3,-0.4874,0.2308,0.6154,13,1
FIRRIIGALGRLF,1,3,-2.6274,0.2308,0.6154,13,1
FIKKIIGALGKLF,1,3,0.6015,0.2308,0.6154,13,1
FIKHIIGALGHLF,1,3,0.2751,0.2308,0.6154,13,1
KVEHIWKRKAKL,0,5,-8.4877,0.5,0.4167,12,0
KRIVKLILKWLR,1,5,-0.7635,0.4167,0.5833,12,0
GIINTLQKYYARVRGGRAAVLSALPKEEQIGKASTRGRKCARRKK,1,11,-27.0415,0.2889,0.3333,45,1
FKRIVQRIKDFLRNLV,1,4,-4.6845,0.3125,0.5,16,0
AGEDPHGYFLPGQFAGGLLGDFFRKSKEKIGKEFKRIVQRIKDFLRNLVPRTES,0,6,-35.6951,0.2222,0.3333,54,1
RPHGAGEGIDRVPAGPSPSEVGLAIPSGK,1,1,-15.8147,0.1379,0.2759,29,1
FKIGGFIKKLWRSLLA,1,4,-1.1742,0.25,0.5625,16,1
RGLRRLGRKIAHGVKKYGPTVLRIIRIAG,1,10,-12.6861,0.3448,0.3793,29,1
RGLRRLGRKIAHGVKKYGPTVLRIIRIA,1,10,-11.1436,0.3571,0.3929,28,1
GIGDPVTCLKSGAICHPVFCPRRYKQIGTCGLPGTKCCKK,0,7,-17.5376,0.2,0.375,40,1
GIINTLQKYYCRVRGGRCAVLSCLPKEEQIGKCSTRGRKCCRRKK,1,11,-24.6843,0.2889,0.3333,45,1
LLGDFFRKSKEKIGKEFKRIVQRIKDFLRNLVPR,1,6,-12.8665,0.3235,0.3824,34,1
RKSREWRSKKTQPRRPR,0,8,-14.9042,0.5294,0.0588,17,1
KNQYGRIRVLQRFNQR,0,5,-11.8684,0.3125,0.25,16,1
RIRLLQRFNKR,0,5,-6.8864,0.4545,0.3636,11,0
AKRHHGYKRKFH,1,8,-6.4569,0.6667,0.1667,12,1
RVLTHVFKCKLKLR,1,6,-3.8357,0.4286,0.5,14,1
YSLQMGATAIKQVKKLFKKKGG,0,6,-8.6697,0.2727,0.3636,22,1
MATGNAD,0,-1,-6.1983,0,0.4286,7,1
DSHAKRHHGYKRKFHHSHRGY,0,11,-14.7897,0.5714,0.0952,21,1
HLNKRVQRELIGWLDWLK,0,3,-4.5828,0.2778,0.4444,18,1
RRLMAAKAESRK,0,4,-8.1341,0.4167,0.4167,12,1
RLMAAKAESRK,0,3,-6.2532,0.3636,0.4545,11,1
RRLMAAKAESR,0,3,-7.7479,0.3636,0.4545,11,1
ARLMAAKAESRK,0,3,-5.8415,0.3333,0.5,12,1
AALMAAKAESRK,0,2,-5.5801,0.25,0.5833,12,1
RRLMAAKAESRA,0,3,-7.5887,0.3333,0.5,12,1
FRKSKEKIGKEFKRIVQRIKDFLRNLV,1,7,-10.5669,0.3704,0.3704,27,1
FRKSKEKIGKLFKRIVQRILDFLRNLV,1,7,-8.9955,0.3333,0.4444,27,1
FRKSKEKIGKFFKRIVQRIFDFLRNLV,1,7,-8.7989,0.3333,0.4444,27,1
DNRMVNHFVQEFKRKHKK,0,6,-9.89,0.4444,0.2778,18,0
RARFEELNMDLFRR,0,1,-7.6546,0.2857,0.4286,14,0
KLRKLFRKLLKLIRKLLR,1,9,-2.8892,0.5,0.5,18,0
GLRKLFRKLLKLIQKLLR,1,7,-1.5214,0.3889,0.5,18,1
GLRKKFRKTRKRIQKLGR,0,10,-9.9475,0.5556,0.2222,18,1
RLCRIVVIRVCR,1,4,-4.7918,0.3333,0.6667,12,0
GLRKKFRKTRKRIQKLGRKIGKTGRKVWKAWREYGQIPYPCRI,0,16,-18.8539,0.3953,0.2791,43,1
